dataset_id,source_system,source_object,connection_ref,target_object,capture_strategy,apply_strategy,primary_key,watermark_column,event_time_column,tracked_columns,delete_policy,execution_group,criticality
health.reference_001,health_sql,dbo.Reference001,health_sql_readonly,reference_001,FULL,REPLACE,reference_001_id,,,,APPLY,health_full_refresh,MEDIUM
health.reference_002,health_sql,dbo.Reference002,health_sql_readonly,reference_002,FULL,REPLACE,reference_002_id,,,,APPLY,health_full_refresh,MEDIUM
health.reference_003,health_sql,dbo.Reference003,health_sql_readonly,reference_003,FULL,REPLACE,reference_003_id,,,,APPLY,health_full_refresh,MEDIUM
health.reference_004,health_sql,dbo.Reference004,health_sql_readonly,reference_004,FULL,REPLACE,reference_004_id,,,,APPLY,health_full_refresh,MEDIUM
health.reference_005,health_sql,dbo.Reference005,health_sql_readonly,reference_005,FULL,REPLACE,reference_005_id,,,,APPLY,health_full_refresh,MEDIUM
health.reference_006,health_sql,dbo.Reference006,health_sql_readonly,reference_006,FULL,REPLACE,reference_006_id,,,,APPLY,health_full_refresh,MEDIUM
health.reference_007,health_sql,dbo.Reference007,health_sql_readonly,reference_007,FULL,REPLACE,reference_007_id,,,,APPLY,health_full_refresh,MEDIUM
health.reference_008,health_sql,dbo.Reference008,health_sql_readonly,reference_008,FULL,REPLACE,reference_008_id,,,,APPLY,health_full_refresh,MEDIUM
health.reference_009,health_sql,dbo.Reference009,health_sql_readonly,reference_009,FULL,REPLACE,reference_009_id,,,,APPLY,health_full_refresh,MEDIUM
health.reference_010,health_sql,dbo.Reference010,health_sql_readonly,reference_010,FULL,REPLACE,reference_010_id,,,,APPLY,health_full_refresh,MEDIUM
health.reference_011,health_sql,dbo.Reference011,health_sql_readonly,reference_011,FULL,REPLACE,reference_011_id,,,,APPLY,health_full_refresh,MEDIUM
health.reference_012,health_sql,dbo.Reference012,health_sql_readonly,reference_012,FULL,REPLACE,reference_012_id,,,,APPLY,health_full_refresh,MEDIUM
health.reference_013,health_sql,dbo.Reference013,health_sql_readonly,reference_013,FULL,REPLACE,reference_013_id,,,,APPLY,health_full_refresh,MEDIUM
health.reference_014,health_sql,dbo.Reference014,health_sql_readonly,reference_014,FULL,REPLACE,reference_014_id,,,,APPLY,health_full_refresh,MEDIUM
health.reference_015,health_sql,dbo.Reference015,health_sql_readonly,reference_015,FULL,REPLACE,reference_015_id,,,,APPLY,health_full_refresh,MEDIUM
health.reference_016,health_sql,dbo.Reference016,health_sql_readonly,reference_016,FULL,REPLACE,reference_016_id,,,,APPLY,health_full_refresh,MEDIUM
health.reference_017,health_sql,dbo.Reference017,health_sql_readonly,reference_017,FULL,REPLACE,reference_017_id,,,,APPLY,health_full_refresh,MEDIUM
health.reference_018,health_sql,dbo.Reference018,health_sql_readonly,reference_018,FULL,REPLACE,reference_018_id,,,,APPLY,health_full_refresh,MEDIUM
health.reference_019,health_sql,dbo.Reference019,health_sql_readonly,reference_019,FULL,REPLACE,reference_019_id,,,,APPLY,health_full_refresh,MEDIUM
health.reference_020,health_sql,dbo.Reference020,health_sql_readonly,reference_020,FULL,REPLACE,reference_020_id,,,,APPLY,health_full_refresh,MEDIUM
health.reference_021,health_sql,dbo.Reference021,health_sql_readonly,reference_021,FULL,REPLACE,reference_021_id,,,,APPLY,health_full_refresh,MEDIUM
health.reference_022,health_sql,dbo.Reference022,health_sql_readonly,reference_022,FULL,REPLACE,reference_022_id,,,,APPLY,health_full_refresh,MEDIUM
health.reference_023,health_sql,dbo.Reference023,health_sql_readonly,reference_023,FULL,REPLACE,reference_023_id,,,,APPLY,health_full_refresh,MEDIUM
health.reference_024,health_sql,dbo.Reference024,health_sql_readonly,reference_024,FULL,REPLACE,reference_024_id,,,,APPLY,health_full_refresh,MEDIUM
health.reference_025,health_sql,dbo.Reference025,health_sql_readonly,reference_025,FULL,REPLACE,reference_025_id,,,,APPLY,health_full_refresh,MEDIUM
health.reference_026,health_sql,dbo.Reference026,health_sql_readonly,reference_026,FULL,REPLACE,reference_026_id,,,,APPLY,health_full_refresh,MEDIUM
health.reference_027,health_sql,dbo.Reference027,health_sql_readonly,reference_027,FULL,REPLACE,reference_027_id,,,,APPLY,health_full_refresh,MEDIUM
health.reference_028,health_sql,dbo.Reference028,health_sql_readonly,reference_028,FULL,REPLACE,reference_028_id,,,,APPLY,health_full_refresh,MEDIUM
health.reference_029,health_sql,dbo.Reference029,health_sql_readonly,reference_029,FULL,REPLACE,reference_029_id,,,,APPLY,health_full_refresh,MEDIUM
health.reference_030,health_sql,dbo.Reference030,health_sql_readonly,reference_030,FULL,REPLACE,reference_030_id,,,,APPLY,health_full_refresh,MEDIUM
health.reference_031,health_sql,dbo.Reference031,health_sql_readonly,reference_031,FULL,REPLACE,reference_031_id,,,,APPLY,health_full_refresh,MEDIUM
health.reference_032,health_sql,dbo.Reference032,health_sql_readonly,reference_032,FULL,REPLACE,reference_032_id,,,,APPLY,health_full_refresh,MEDIUM
health.reference_033,health_sql,dbo.Reference033,health_sql_readonly,reference_033,FULL,REPLACE,reference_033_id,,,,APPLY,health_full_refresh,MEDIUM
health.reference_034,health_sql,dbo.Reference034,health_sql_readonly,reference_034,FULL,REPLACE,reference_034_id,,,,APPLY,health_full_refresh,MEDIUM
health.reference_035,health_sql,dbo.Reference035,health_sql_readonly,reference_035,FULL,REPLACE,reference_035_id,,,,APPLY,health_full_refresh,MEDIUM
health.reference_036,health_sql,dbo.Reference036,health_sql_readonly,reference_036,FULL,REPLACE,reference_036_id,,,,APPLY,health_full_refresh,MEDIUM
health.reference_037,health_sql,dbo.Reference037,health_sql_readonly,reference_037,FULL,REPLACE,reference_037_id,,,,APPLY,health_full_refresh,MEDIUM
health.reference_038,health_sql,dbo.Reference038,health_sql_readonly,reference_038,FULL,REPLACE,reference_038_id,,,,APPLY,health_full_refresh,MEDIUM
health.reference_039,health_sql,dbo.Reference039,health_sql_readonly,reference_039,FULL,REPLACE,reference_039_id,,,,APPLY,health_full_refresh,MEDIUM
health.reference_040,health_sql,dbo.Reference040,health_sql_readonly,reference_040,FULL,REPLACE,reference_040_id,,,,APPLY,health_full_refresh,MEDIUM
health.reference_041,health_sql,dbo.Reference041,health_sql_readonly,reference_041,FULL,REPLACE,reference_041_id,,,,APPLY,health_full_refresh,MEDIUM
health.reference_042,health_sql,dbo.Reference042,health_sql_readonly,reference_042,FULL,REPLACE,reference_042_id,,,,APPLY,health_full_refresh,MEDIUM
health.reference_043,health_sql,dbo.Reference043,health_sql_readonly,reference_043,FULL,REPLACE,reference_043_id,,,,APPLY,health_full_refresh,MEDIUM
health.reference_044,health_sql,dbo.Reference044,health_sql_readonly,reference_044,FULL,REPLACE,reference_044_id,,,,APPLY,health_full_refresh,MEDIUM
health.reference_045,health_sql,dbo.Reference045,health_sql_readonly,reference_045,FULL,REPLACE,reference_045_id,,,,APPLY,health_full_refresh,MEDIUM
health.reference_046,health_sql,dbo.Reference046,health_sql_readonly,reference_046,FULL,REPLACE,reference_046_id,,,,APPLY,health_full_refresh,MEDIUM
health.reference_047,health_sql,dbo.Reference047,health_sql_readonly,reference_047,FULL,REPLACE,reference_047_id,,,,APPLY,health_full_refresh,MEDIUM
health.reference_048,health_sql,dbo.Reference048,health_sql_readonly,reference_048,FULL,REPLACE,reference_048_id,,,,APPLY,health_full_refresh,MEDIUM
health.reference_049,health_sql,dbo.Reference049,health_sql_readonly,reference_049,FULL,REPLACE,reference_049_id,,,,APPLY,health_full_refresh,MEDIUM
health.reference_050,health_sql,dbo.Reference050,health_sql_readonly,reference_050,FULL,REPLACE,reference_050_id,,,,APPLY,health_full_refresh,MEDIUM
health.history_001,health_sql,dbo.History001,health_sql_readonly,history_001,WATERMARK,SCD2,history_001_id,modified_at,modified_at,name|status|category,IGNORE,health_scd2,HIGH
health.history_002,health_sql,dbo.History002,health_sql_readonly,history_002,WATERMARK,SCD2,history_002_id,modified_at,modified_at,name|status|category,IGNORE,health_scd2,HIGH
health.history_003,health_sql,dbo.History003,health_sql_readonly,history_003,WATERMARK,SCD2,history_003_id,modified_at,modified_at,name|status|category,IGNORE,health_scd2,HIGH
health.history_004,health_sql,dbo.History004,health_sql_readonly,history_004,WATERMARK,SCD2,history_004_id,modified_at,modified_at,name|status|category,IGNORE,health_scd2,HIGH
health.history_005,health_sql,dbo.History005,health_sql_readonly,history_005,WATERMARK,SCD2,history_005_id,modified_at,modified_at,name|status|category,IGNORE,health_scd2,HIGH
health.history_006,health_sql,dbo.History006,health_sql_readonly,history_006,WATERMARK,SCD2,history_006_id,modified_at,modified_at,name|status|category,IGNORE,health_scd2,HIGH
health.history_007,health_sql,dbo.History007,health_sql_readonly,history_007,WATERMARK,SCD2,history_007_id,modified_at,modified_at,name|status|category,IGNORE,health_scd2,HIGH
health.history_008,health_sql,dbo.History008,health_sql_readonly,history_008,WATERMARK,SCD2,history_008_id,modified_at,modified_at,name|status|category,IGNORE,health_scd2,HIGH
health.history_009,health_sql,dbo.History009,health_sql_readonly,history_009,WATERMARK,SCD2,history_009_id,modified_at,modified_at,name|status|category,IGNORE,health_scd2,HIGH
health.history_010,health_sql,dbo.History010,health_sql_readonly,history_010,WATERMARK,SCD2,history_010_id,modified_at,modified_at,name|status|category,IGNORE,health_scd2,HIGH
health.history_011,health_sql,dbo.History011,health_sql_readonly,history_011,WATERMARK,SCD2,history_011_id,modified_at,modified_at,name|status|category,IGNORE,health_scd2,HIGH
health.history_012,health_sql,dbo.History012,health_sql_readonly,history_012,WATERMARK,SCD2,history_012_id,modified_at,modified_at,name|status|category,IGNORE,health_scd2,HIGH
health.history_013,health_sql,dbo.History013,health_sql_readonly,history_013,WATERMARK,SCD2,history_013_id,modified_at,modified_at,name|status|category,IGNORE,health_scd2,HIGH
health.history_014,health_sql,dbo.History014,health_sql_readonly,history_014,WATERMARK,SCD2,history_014_id,modified_at,modified_at,name|status|category,IGNORE,health_scd2,HIGH
health.history_015,health_sql,dbo.History015,health_sql_readonly,history_015,WATERMARK,SCD2,history_015_id,modified_at,modified_at,name|status|category,IGNORE,health_scd2,HIGH
health.history_016,health_sql,dbo.History016,health_sql_readonly,history_016,WATERMARK,SCD2,history_016_id,modified_at,modified_at,name|status|category,IGNORE,health_scd2,HIGH
health.history_017,health_sql,dbo.History017,health_sql_readonly,history_017,WATERMARK,SCD2,history_017_id,modified_at,modified_at,name|status|category,IGNORE,health_scd2,HIGH
health.history_018,health_sql,dbo.History018,health_sql_readonly,history_018,WATERMARK,SCD2,history_018_id,modified_at,modified_at,name|status|category,IGNORE,health_scd2,HIGH
health.history_019,health_sql,dbo.History019,health_sql_readonly,history_019,WATERMARK,SCD2,history_019_id,modified_at,modified_at,name|status|category,IGNORE,health_scd2,HIGH
health.history_020,health_sql,dbo.History020,health_sql_readonly,history_020,WATERMARK,SCD2,history_020_id,modified_at,modified_at,name|status|category,IGNORE,health_scd2,HIGH
health.current_001,health_sql,dbo.Current001,health_sql_readonly,current_001,WATERMARK,SCD1,current_001_id,modified_at,modified_at,name|status,IGNORE,health_scd1,MEDIUM
health.current_002,health_sql,dbo.Current002,health_sql_readonly,current_002,WATERMARK,SCD1,current_002_id,modified_at,modified_at,name|status,IGNORE,health_scd1,MEDIUM
health.current_003,health_sql,dbo.Current003,health_sql_readonly,current_003,WATERMARK,SCD1,current_003_id,modified_at,modified_at,name|status,IGNORE,health_scd1,MEDIUM
health.current_004,health_sql,dbo.Current004,health_sql_readonly,current_004,WATERMARK,SCD1,current_004_id,modified_at,modified_at,name|status,IGNORE,health_scd1,MEDIUM
health.current_005,health_sql,dbo.Current005,health_sql_readonly,current_005,WATERMARK,SCD1,current_005_id,modified_at,modified_at,name|status,IGNORE,health_scd1,MEDIUM
health.current_006,health_sql,dbo.Current006,health_sql_readonly,current_006,WATERMARK,SCD1,current_006_id,modified_at,modified_at,name|status,IGNORE,health_scd1,MEDIUM
health.current_007,health_sql,dbo.Current007,health_sql_readonly,current_007,WATERMARK,SCD1,current_007_id,modified_at,modified_at,name|status,IGNORE,health_scd1,MEDIUM
health.current_008,health_sql,dbo.Current008,health_sql_readonly,current_008,WATERMARK,SCD1,current_008_id,modified_at,modified_at,name|status,IGNORE,health_scd1,MEDIUM
health.current_009,health_sql,dbo.Current009,health_sql_readonly,current_009,WATERMARK,SCD1,current_009_id,modified_at,modified_at,name|status,IGNORE,health_scd1,MEDIUM
health.current_010,health_sql,dbo.Current010,health_sql_readonly,current_010,WATERMARK,SCD1,current_010_id,modified_at,modified_at,name|status,IGNORE,health_scd1,MEDIUM
health.current_011,health_sql,dbo.Current011,health_sql_readonly,current_011,WATERMARK,SCD1,current_011_id,modified_at,modified_at,name|status,IGNORE,health_scd1,MEDIUM
health.current_012,health_sql,dbo.Current012,health_sql_readonly,current_012,WATERMARK,SCD1,current_012_id,modified_at,modified_at,name|status,IGNORE,health_scd1,MEDIUM
health.current_013,health_sql,dbo.Current013,health_sql_readonly,current_013,WATERMARK,SCD1,current_013_id,modified_at,modified_at,name|status,IGNORE,health_scd1,MEDIUM
health.current_014,health_sql,dbo.Current014,health_sql_readonly,current_014,WATERMARK,SCD1,current_014_id,modified_at,modified_at,name|status,IGNORE,health_scd1,MEDIUM
health.current_015,health_sql,dbo.Current015,health_sql_readonly,current_015,WATERMARK,SCD1,current_015_id,modified_at,modified_at,name|status,IGNORE,health_scd1,MEDIUM
health.current_016,health_sql,dbo.Current016,health_sql_readonly,current_016,WATERMARK,SCD1,current_016_id,modified_at,modified_at,name|status,IGNORE,health_scd1,MEDIUM
health.current_017,health_sql,dbo.Current017,health_sql_readonly,current_017,WATERMARK,SCD1,current_017_id,modified_at,modified_at,name|status,IGNORE,health_scd1,MEDIUM
health.current_018,health_sql,dbo.Current018,health_sql_readonly,current_018,WATERMARK,SCD1,current_018_id,modified_at,modified_at,name|status,IGNORE,health_scd1,MEDIUM
health.current_019,health_sql,dbo.Current019,health_sql_readonly,current_019,WATERMARK,SCD1,current_019_id,modified_at,modified_at,name|status,IGNORE,health_scd1,MEDIUM
health.current_020,health_sql,dbo.Current020,health_sql_readonly,current_020,WATERMARK,SCD1,current_020_id,modified_at,modified_at,name|status,IGNORE,health_scd1,MEDIUM
health.cdc_001,debezium,health.cdc_001,health_debezium_kafka,cdc_001,CDC,UPSERT,cdc_001_id,,,,APPLY,health_debezium,HIGH
health.cdc_002,debezium,health.cdc_002,health_debezium_kafka,cdc_002,CDC,UPSERT,cdc_002_id,,,,APPLY,health_debezium,HIGH
health.cdc_003,debezium,health.cdc_003,health_debezium_kafka,cdc_003,CDC,UPSERT,cdc_003_id,,,,APPLY,health_debezium,HIGH
health.cdc_004,debezium,health.cdc_004,health_debezium_kafka,cdc_004,CDC,UPSERT,cdc_004_id,,,,APPLY,health_debezium,HIGH
health.cdc_005,debezium,health.cdc_005,health_debezium_kafka,cdc_005,CDC,UPSERT,cdc_005_id,,,,APPLY,health_debezium,HIGH
health.cdc_006,debezium,health.cdc_006,health_debezium_kafka,cdc_006,CDC,UPSERT,cdc_006_id,,,,APPLY,health_debezium,HIGH
health.cdc_007,debezium,health.cdc_007,health_debezium_kafka,cdc_007,CDC,UPSERT,cdc_007_id,,,,APPLY,health_debezium,HIGH
health.cdc_008,debezium,health.cdc_008,health_debezium_kafka,cdc_008,CDC,UPSERT,cdc_008_id,,,,APPLY,health_debezium,HIGH
health.cdc_009,debezium,health.cdc_009,health_debezium_kafka,cdc_009,CDC,UPSERT,cdc_009_id,,,,APPLY,health_debezium,HIGH
health.cdc_010,debezium,health.cdc_010,health_debezium_kafka,cdc_010,CDC,UPSERT,cdc_010_id,,,,APPLY,health_debezium,HIGH
